{
  "accuracy": 0.8511057128497236,
  "precision": 0.8423096841015019,
  "recall": 0.7357231708696144,
  "f1": 0.7854167924186636,
  "roc_auc": 0.9284583603583896
}
