{
  "accuracy": 0.8312531412296867,
  "precision": 0.8109819121447028,
  "recall": 0.709826981793509,
  "f1": 0.7570403425194476,
  "roc_auc": 0.9102183383822356
}
