{
  "accuracy": 0.8869157312782711,
  "precision": 0.8907263706907518,
  "recall": 0.7918127332353274,
  "f1": 0.8383620689655172,
  "roc_auc": 0.9581407766346507
}
