{
  "accuracy": 0.8703300385324175,
  "precision": 0.8911120185109569,
  "recall": 0.740359606468393,
  "f1": 0.8087708462013589,
  "roc_auc": 0.9484788785264977
}
