{
  "accuracy": 0.8777433405930641,
  "precision": 0.8506985555292446,
  "recall": 0.8125070677371933,
  "f1": 0.8311643241367344,
  "roc_auc": 0.9510049318992657
}
