{
  "accuracy": 0.8766124979058468,
  "precision": 0.8574372651230452,
  "recall": 0.799841682686871,
  "f1": 0.8276386613620407,
  "roc_auc": 0.9500767202801805
}
