{
  "accuracy": 0.8730524375942369,
  "precision": 0.8502892960462873,
  "recall": 0.7976930905801198,
  "f1": 0.8231518758387304,
  "roc_auc": 0.9478733690776818
}
