{
  "accuracy": 0.8760261350309935,
  "precision": 0.8557262063127343,
  "recall": 0.8001809340721474,
  "f1": 0.8270219728845255,
  "roc_auc": 0.9495755498707998
}
