{
  "accuracy": 0.8760261350309935,
  "precision": 0.8454492072812684,
  "recall": 0.8140902408684836,
  "f1": 0.829473441640742,
  "roc_auc": 0.9487430002368268
}
