{
  "accuracy": 0.8857430055285642,
  "precision": 0.8617059032296226,
  "recall": 0.8237023634513174,
  "f1": 0.8422756706753006,
  "roc_auc": 0.957695666691107
}
