{
  "accuracy": 0.8798374937175406,
  "precision": 0.8573821488394353,
  "recall": 0.8103584756304422,
  "f1": 0.8332073716644381,
  "roc_auc": 0.9519342643515488
}
